{
    "Precision": 0.47492263570381027,
    "Recall": 0.16775182172666636,
    "F-measure": 0.24024940059047542,
    "Average_Overlap_Ratio": 0.7418836717701925,
    "Precision_no_offset": 0.585492887643725,
    "Recall_no_offset": 0.20011386142504048,
    "F-measure_no_offset": 0.2873229327050242,
    "Average_Overlap_Ratio_no_offset": 0.6621821639665575
}