{
    "Precision": 0.8201161226368335,
    "Recall": 0.07734041132478632,
    "Accuracy": 0.07605030843628222,
    "Substitution Error": 0.014403044871794871,
    "Miss Error": 0.9082565438034188,
    "False Alarm Error": 0.002560763888888889,
    "Total Error": 0.9252203525641025,
    "Chroma Precision": 0.8509523472350067,
    "Chroma Recall": 0.08024839743589744,
    "Chroma Accuracy": 0.07913607480327922,
    "Chroma Substitution Error": 0.011495058760683761,
    "Chroma Miss Error": 0.9082565438034188,
    "Chroma False Alarm Error": 0.002560763888888889,
    "Chroma Total Error": 0.9223123664529914
}