{
    "10ms": {
        "Precision": 0.5741902372219887,
        "Recall": 0.38603565583130633,
        "Accuracy": 0.3083760850265058,
        "Substitution Error": 0.17843819964466512,
        "Miss Error": 0.4355261445240286,
        "False Alarm Error": 0.12265511589128714,
        "Total Error": 0.7366194600599808,
        "Chroma Precision": 0.6530052897494223,
        "Chroma Recall": 0.44339765183600693,
        "Chroma Accuracy": 0.36079392215145334,
        "Chroma Substitution Error": 0.12107620363996452,
        "Chroma Miss Error": 0.4355261445240286,
        "Chroma False Alarm Error": 0.12265511589128714,
        "Chroma Total Error": 0.6792574640552802,
        "f1": 0.4616786662419677
    },
    "16ms": {
        "Precision": 0.6031152544476929,
        "Recall": 0.38472023199361244,
        "Accuracy": 0.3151550358894381,
        "Substitution Error": 0.17175126572400534,
        "Miss Error": 0.4435285022823823,
        "False Alarm Error": 0.0936250475061281,
        "Total Error": 0.7089048155125157,
        "Chroma Precision": 0.688427451809295,
        "Chroma Recall": 0.4437100977214389,
        "Chroma Accuracy": 0.37145336063069745,
        "Chroma Substitution Error": 0.11276139999617885,
        "Chroma Miss Error": 0.4435285022823823,
        "Chroma False Alarm Error": 0.0936250475061281,
        "Chroma Total Error": 0.6499149497846892,
        "f1": 0.46977587623602685
    }
}