{
    "Precision": 0.7923076923076923,
    "Recall": 0.1332470892626132,
    "F-measure": 0.2281284606866002,
    "Average_Overlap_Ratio": 0.88255728188279,
    "Precision_no_offset": 0.8,
    "Recall_no_offset": 0.13454075032341525,
    "F-measure_no_offset": 0.23034330011074194,
    "Average_Overlap_Ratio_no_offset": 0.8770659497410124
}