{
    "Precision": 0.38202247191011235,
    "Recall": 0.2537313432835821,
    "Accuracy": 0.17989417989417988,
    "Substitution Error": 0.26865671641791045,
    "Miss Error": 0.47761194029850745,
    "False Alarm Error": 0.1417910447761194,
    "Total Error": 0.8880597014925373,
    "Chroma Precision": 0.5393258426966292,
    "Chroma Recall": 0.3582089552238806,
    "Chroma Accuracy": 0.2742857142857143,
    "Chroma Substitution Error": 0.16417910447761194,
    "Chroma Miss Error": 0.47761194029850745,
    "Chroma False Alarm Error": 0.1417910447761194,
    "Chroma Total Error": 0.7835820895522388
}