{
    "Precision": 0.7160493827160493,
    "Recall": 0.16607015032211883,
    "F-measure": 0.2696106914584544,
    "Average_Overlap_Ratio": 0.8677682062563292,
    "Precision_no_offset": 0.7530864197530864,
    "Recall_no_offset": 0.17465998568360774,
    "F-measure_no_offset": 0.2835560720511331,
    "Average_Overlap_Ratio_no_offset": 0.8462964356874836
}