{
    "Precision": 0.9351851851851852,
    "Recall": 0.21689334287759485,
    "F-measure": 0.35212085996513653,
    "Average_Overlap_Ratio": 0.8639726289406948,
    "Precision_no_offset": 0.9783950617283951,
    "Recall_no_offset": 0.22691481746599856,
    "F-measure_no_offset": 0.36839047065659497,
    "Average_Overlap_Ratio_no_offset": 0.8366334466331298,
    "Onset_Precision": 1.0,
    "Onset_Recall": 0.23192555476020044,
    "Onset_F-measure": 0.37652527600232427,
    "Offset_Precision": 0.9629629629629629,
    "Offset_Recall": 0.22333571939871152,
    "Offset_F-measure": 0.3625798954096456
}