{
    "Precision": 0.44776119402985076,
    "Recall": 0.3409090909090909,
    "Accuracy": 0.24,
    "Substitution Error": 0.26136363636363635,
    "Miss Error": 0.3977272727272727,
    "False Alarm Error": 0.1590909090909091,
    "Total Error": 0.8181818181818182,
    "Chroma Precision": 0.6119402985074627,
    "Chroma Recall": 0.4659090909090909,
    "Chroma Accuracy": 0.35964912280701755,
    "Chroma Substitution Error": 0.13636363636363635,
    "Chroma Miss Error": 0.3977272727272727,
    "Chroma False Alarm Error": 0.1590909090909091,
    "Chroma Total Error": 0.6931818181818182
}