{
    "Precision": 0.7893374741200828,
    "Recall": 0.4735534623744954,
    "Accuracy": 0.42041904061753355,
    "Substitution Error": 0.08011593002794742,
    "Miss Error": 0.4463306075975572,
    "False Alarm Error": 0.0462685022254425,
    "Total Error": 0.5727150398509471,
    "Chroma Precision": 0.8033126293995859,
    "Chroma Recall": 0.48193768760997824,
    "Chroma Accuracy": 0.4310711971113786,
    "Chroma Substitution Error": 0.07173170479246455,
    "Chroma Miss Error": 0.4463306075975572,
    "Chroma False Alarm Error": 0.0462685022254425,
    "Chroma Total Error": 0.5643308146154642
}