{
    "Precision": 0.39285714285714285,
    "Recall": 0.24719101123595505,
    "Accuracy": 0.17886178861788618,
    "Substitution Error": 0.25842696629213485,
    "Miss Error": 0.4943820224719101,
    "False Alarm Error": 0.12359550561797752,
    "Total Error": 0.8764044943820225,
    "Chroma Precision": 0.5535714285714286,
    "Chroma Recall": 0.34831460674157305,
    "Chroma Accuracy": 0.2719298245614035,
    "Chroma Substitution Error": 0.15730337078651685,
    "Chroma Miss Error": 0.4943820224719101,
    "Chroma False Alarm Error": 0.12359550561797752,
    "Chroma Total Error": 0.7752808988764045
}